Nome;Imagem;Descrição;Avaliação;Autor;Link
'82 Porsche 911;https://images.steamusercontent.com/ugc/54702617429256582/D5D690AB82284F56B40FDF25E4320F51D3E6182F/?imw=200&imh=200&ima=fit&impolicy=Letterbox&imcolor=%23000000&letterbox=true;The classic 911 turbo with a RWB variant! Time to have some fun in a very small, light and fun car. It is a perfect car for anyone that likes to travel light and fast, downside is limited storage, but you can always get a roofrack and even a trailer maybe....;https://community.fastly.steamstatic.com/public/images/sharedfiles/5-star.png?v=2;KI5;https://steamcommunity.com/sharedfiles/filedetails/?id=3379334330
'90 BMW 3 Series (E30);https://images.steamusercontent.com/ugc/2263685075970870209/820699959095CB36F8B7E71AD2604D3CD3D381CB/?imw=200&imh=200&ima=fit&impolicy=Letterbox&imcolor=%23000000&letterbox=true;They used to call it God's Chariot because of the great handling, E30 is a racing legend and I did my best to translate that to streets of Kentucky. M3, 2 Door and 4 Door sedans, Cabrio and Touring, they are all here, everything that had sense to be physic...;https://community.fastly.steamstatic.com/public/images/sharedfiles/5-star.png?v=2;KI5;https://steamcommunity.com/sharedfiles/filedetails/?id=3110913021
'92 NISSAN Skyline GT-R (R32);https://images.steamusercontent.com/ugc/1903353113601622415/A28BB1AC9352F6BAB133C28F5C558B7141F31179/?imw=200&imh=200&ima=fit&impolicy=Letterbox&imcolor=%23000000&letterbox=true;Godzilla is here! Find it and tune it with a huge number of parts, mix and match them to get your unique look. Many spoilers, bumpers, rear bumpers, sideskirt sets, exhausts and so on...and now with left side steering wheel variant also! Main features: 1 c...;https://community.fastly.steamstatic.com/public/images/sharedfiles/5-star.png?v=2;KI5;https://steamcommunity.com/sharedfiles/filedetails/?id=2846036306
'92 Ford Crown Victoria;https://images.steamusercontent.com/ugc/2021595193338196773/F2D7E025023F570065F0736D17A8753DFD0EDFED/?imw=200&imh=200&ima=fit&impolicy=Letterbox&imcolor=%23000000&letterbox=true;It's the 90s Crown Vic, with some useful features, full set of armor and some flashing lights! Trunk is big, seats are huge and there is even a gun rack inside. It comes in 3 variants, normal police chassis, taxi and the unmarked car with some cosmetic dif...;https://community.fastly.steamstatic.com/public/images/sharedfiles/5-star.png?v=2;KI5;https://steamcommunity.com/sharedfiles/filedetails/?id=2962175696
KATTAJ1 Military Pack [B41/B42];https://images.steamusercontent.com/ugc/52463316440928130/3D1AB7AFA5D1E42C8B138EE8C167B93033A73E13/?imw=200&imh=200&ima=fit&impolicy=Letterbox&imcolor=%23000000&letterbox=true;Apology I sincerely apologize that this situation happened. I had to reupload the mod. I fully understand the frustration when a mod disappears from workshop. If you have backups, or if you haven't loaded your save yet, you can still transition to the new ...;https://community.fastly.steamstatic.com/public/images/sharedfiles/5-star.png?v=2;TTAJ1bl4;https://steamcommunity.com/sharedfiles/filedetails/?id=3470426196
[B42]True Music Addon Anime music alapa;https://images.steamusercontent.com/ugc/10805019896272279/C61A935688ACF7D14071A6773DDB427A67856FD9/?imw=200&imh=200&ima=fit&impolicy=Letterbox&imcolor=%23000000&letterbox=true;所需前置：True music b42 后续还会更新更多二次元歌曲加入曲包 磁带，黑胶重量已下调至0.02 声音传播范围由75上调至100 想要什么二次元曲目或者发现模组有什么问题可以在下面留言，我会尝试加入或者修复 (最好是给出具体曲目名字，我想在这个大包尽可能塞更多来自不同作品的二次元曲目，不给具体曲目我也不好抉择，有的作品曲目多的够我单开个音乐包了。留不了言，显示在你地区不可用的大概率是因为用了UU加速器加速,换个加速器就行了大概） 掉落概率已经多次上调，估计是因为b42大量新传单杂物等物品的加入拉低...;https://community.fastly.steamstatic.com/public/images/sharedfiles/not-yet.png?v=2;原来你也玩碧蓝航线;https://steamcommunity.com/sharedfiles/filedetails/?id=3470700927
Extra Books;https://images.steamusercontent.com/ugc/1805402397408466864/4DD1500C25A7305074DA179ED09C549A2B6B8B47/?imw=200&imh=200&ima=fit&impolicy=Letterbox&imcolor=%23000000&letterbox=true;Books that give you an xp multiplier for melee weapons, firearms and bunch of other skills Can't read a book? Multiplier disappears after some time? Some other issue? Thats probably mods conflicting with one another, there is no other reason behind it, bec...;https://community.fastly.steamstatic.com/public/images/sharedfiles/5-star.png?v=2;SNeicer;https://steamcommunity.com/sharedfiles/filedetails/?id=2859508566
ExtraBooks Colored [B42];https://images.steamusercontent.com/ugc/13051115425108175/DA8056EA891D90E3C1BC4FF1424033F7CF7D718E/?imw=200&imh=200&ima=fit&impolicy=Letterbox&imcolor=%23000000&letterbox=true;B42 Port: ExtraBooks Colored This mod adds books that grant experience multipliers for melee weapons, firearms and other skills, now with different colors for each. Leave a comment when Original gets Updated. Workshop ID: 3432090504 Mod ID: ExtraBooksColor...;https://community.fastly.steamstatic.com/public/images/sharedfiles/not-yet.png?v=2;Beathoven;https://steamcommunity.com/sharedfiles/filedetails/?id=3432090504
KATTAJ1 Clothes Core [B41/B42];https://images.steamusercontent.com/ugc/52463316440908304/D6744E19183BD5F840E084150C5B05B06061790D/?imw=200&imh=200&ima=fit&impolicy=Letterbox&imcolor=%23000000&letterbox=true;Apology I sincerely apologize that this situation happened. I had to reupload the mod. I fully understand the frustration when a mod disappears from workshop. If you have backups, or if you haven't loaded your save yet, you can still transition to the new ...;https://community.fastly.steamstatic.com/public/images/sharedfiles/4-star.png?v=2;TTAJ1bl4;https://steamcommunity.com/sharedfiles/filedetails/?id=3470422050
Material Weight Reducer;https://images.steamusercontent.com/ugc/26556371897706524/7A6D6992D86F464DAA0B8D05220B7E6FE06D503E/?imw=200&imh=200&ima=fit&impolicy=Letterbox&imcolor=%23000000&letterbox=true;Reduces weight of, planks, logs, sticks, stones, steel rods/sheets, keys, sheet, denim, leather strips, concrete, plaster, keys/carkeys, some tools and other stuff aswell, reduces the weight to 20% of the original weight. Workshop ID: 3387824513 Mod ID: Ma...;https://community.fastly.steamstatic.com/public/images/sharedfiles/5-star.png?v=2;LeoLucy;https://steamcommunity.com/sharedfiles/filedetails/?id=3387824513
ShowAmmoCount;https://images.steamusercontent.com/ugc/43446154823275381/360F93405423797E11AB0037E6AF33D54256700A/?imw=200&imh=200&ima=fit&impolicy=Letterbox&imcolor=%23000000&letterbox=true;The 41 build does not support the Fixed Position Counter & Show Inventory Ammo Count feature. Options > Mods Tab https://i.imgur.com/RfPLNn3.png https://i.imgur.com/MOOdFL3.gif Show Cursor Ammo Counter The ammo counter follows the mouse cursor. (When you'r...;https://community.fastly.steamstatic.com/public/images/sharedfiles/4-star.png?v=2;CreamPie;https://steamcommunity.com/sharedfiles/filedetails/?id=3399805175
B42 Rain's Firearms & Gun Parts;https://images.steamusercontent.com/ugc/35563406672776470/EDD9CA0C5C01F1F7844F6F2EAC7EB490518AD331/?imw=200&imh=200&ima=fit&impolicy=Letterbox&imcolor=%23000000&letterbox=true;A complete overhaul of the vanilla Project Zomboid firearms and gun attachments. Somewhat lore-friendly or vanilla+. This is very much a work in progress. B42 unstable broke literally every lua script I had in B41.78, all my suppressors, every AnimSet I ha...;https://community.fastly.steamstatic.com/public/images/sharedfiles/5-star.png?v=2;★Rainmaker★;https://steamcommunity.com/sharedfiles/filedetails/?id=3387222454
[B42/B41] Bandits Creator;https://images.steamusercontent.com/ugc/44582017088093383/21295F5957B541E24D8B720DD10760C17D1E4DF9/?imw=200&imh=200&ima=fit&impolicy=Letterbox&imcolor=%23000000&letterbox=true;Bandit creator Bandit Creator is an extension of the Bandits mod, allowing you to fully customize Bandits and their Clans. Want to decide how your future killer looks? Now you can! Accessible from main screen menu or in game using debug mode. Compatibile w...;https://community.fastly.steamstatic.com/public/images/sharedfiles/5-star.png?v=2;Slayer;https://steamcommunity.com/sharedfiles/filedetails/?id=3469292499
[B42/B41] Bandits NPC (v2);https://images.steamusercontent.com/ugc/2397692528299518994/B476146CBD89A95C3D2172DDA92BC1106E757E30/?imw=200&imh=200&ima=fit&impolicy=Letterbox&imcolor=%23000000&letterbox=true;Bandits IMPORTANT: The mod has been updated to new major version for B42 and B41. It is best to start a new save. You can also re-enable the mod for a current save, but this may lead to errors. Bandits2 introduces many changes and it's best to stop for a m...;https://community.fastly.steamstatic.com/public/images/sharedfiles/5-star.png?v=2;Slayer;https://steamcommunity.com/sharedfiles/filedetails/?id=3268487204
Mod Options (Build 41);https://images.steamusercontent.com/ugc/1917995851086737008/0B87330676C5526DEE21E8ACB4AB176DC8FF7972/?imw=200&imh=200&ima=fit&impolicy=Letterbox&imcolor=%23000000&letterbox=true;ModOptions WIP (paused)! Allows other mods to be customized. Any mod author can add custom options to their mod. Requirements (!) THIS MOD IS COMPATIBLE ONLY WITH BUILD 41 (!) For Build 42 see here. Steam Workshop Issues 1. Quit the game. 2. Unsubscribe. W...;https://community.fastly.steamstatic.com/public/images/sharedfiles/5-star.png?v=2;star;https://steamcommunity.com/sharedfiles/filedetails/?id=2169435993
Wandering Zombies;https://images.steamusercontent.com/ugc/2366166697359278961/6DD0CA1C6C9439DDDFD4DE108095C785E5939C6B/?imw=200&imh=200&ima=fit&impolicy=Letterbox&imcolor=%23000000&letterbox=true;B42 unstable is supported Completely configurable zombie wandering. Multiplayer compatible. You may want to change how often zeds wander for bandwidth reasons. Watch the first video for a demonstration vs vanilla. Check out the screenshots to see all the s...;https://community.fastly.steamstatic.com/public/images/sharedfiles/5-star.png?v=2;Ryuku;https://steamcommunity.com/sharedfiles/filedetails/?id=2983905789
More cigarettes(B42);https://images.steamusercontent.com/ugc/19811584393736203/C663878F16CCF2C87B3071F45B9F88C876A0F571/?imw=200&imh=200&ima=fit&impolicy=Letterbox&imcolor=%23000000&letterbox=true;Updated for B42 now!! Are you fed up with not having the right cigarettes in the game? ！ Today we bring you Marlbo cigarettes!! There are Marbo RED(Classic red) Marbo Lights 100s Marbo Menthol You can find it on zombies or shop Are you worried that Lost yo...;https://community.fastly.steamstatic.com/public/images/sharedfiles/4-star.png?v=2;阿胡;https://steamcommunity.com/sharedfiles/filedetails/?id=3465531963
True Music Addon: Rock 'Em Up;https://images.steamusercontent.com/ugc/24308846270798024/4CE0BD95699775502609CCB16A62F7166D92D0C1/?imw=200&imh=200&ima=fit&impolicy=Letterbox&imcolor=%23000000&letterbox=true;All the tracks you would ever need in zombie apocalypse. Includes: - AC/DC - W.A.S.P. - Judas Priest - Deep Purple - Led Zeppelin - The Black Keys - The Rolling Stones - TWD soundtrack songs ... and many others! * * * To use this music addon you need to ha...;https://community.fastly.steamstatic.com/public/images/sharedfiles/not-yet.png?v=2;Signore Di Fumare;https://steamcommunity.com/sharedfiles/filedetails/?id=3325920626
[B42]True Music Addon CYBERPUNK EDGERUNNERS;https://images.steamusercontent.com/ugc/6297184316709851/345E0A9BD919CB605BEC89871787F1CD998A616B/?imw=200&imh=200&ima=fit&impolicy=Letterbox&imcolor=%23000000&letterbox=true;增加两首两首赛博朋克 边缘行者中出现的音乐 -I really want to stay at your house -Whos ready for tomorrow 你可以在游戏中找到两首歌的黑胶唱片和录音带 Added two tracks from two Cyberpunk Fringe Walkers -I really want to stay at your house -Whos ready for tomorrow You can find both songs on vinyl and ...;https://community.fastly.steamstatic.com/public/images/sharedfiles/not-yet.png?v=2;冬歌;https://steamcommunity.com/sharedfiles/filedetails/?id=3417839669
[B42] Loli's Alice Backpack Retexture (Fan Port for B42);https://images.steamusercontent.com/ugc/2922536742247959/A2E9C378BB6FEF0FC80F1D30417CFBEFE9C98701/?imw=200&imh=200&ima=fit&impolicy=Letterbox&imcolor=%23000000&letterbox=true;ORIGINAL MOD BY LOLI NONE of the assets used in this mod were created by me, obviously. A mod that come back the Loli's Alice Backpack Retexture that were made for Build 41 and have not been updated for Unstable (B42) Remember that this Mod changes the tex...;https://community.fastly.steamstatic.com/public/images/sharedfiles/not-yet.png?v=2;Rez;https://steamcommunity.com/sharedfiles/filedetails/?id=3462369661
Alarm Sound - I Am Legend;https://images.steamusercontent.com/ugc/1797474404958631212/C31961CA30BE6AA995EC3395168E87B4D0DDAF1E/?imw=200&imh=200&ima=fit&impolicy=Letterbox&imcolor=%23000000&letterbox=true;"Remember that iconic alarm sound from ""I Am Legend""? The one that screamed, ""Get home before it's too late!"" Well, now you can relive that intense moment every time your wristwatch goes off. This mod replaces the vanilla wristwatch alarm with the unforgett...";https://community.fastly.steamstatic.com/public/images/sharedfiles/3-star.png?v=2;brZ ★;https://steamcommunity.com/sharedfiles/filedetails/?id=2450957713
[J&G] SWAT Uniform [B42/41];https://images.steamusercontent.com/ugc/2921817821363452/CDFD391AD6286FC569594211BD5210B2914AFABA/?imw=200&imh=200&ima=fit&impolicy=Letterbox&imcolor=%23000000&letterbox=true;This Pack is smaller than some of my others! Ideally I wanted to work on a riot shields however I simply lack the know how. Maybe I will add one in the future, currently attempting to teach myself vehicles though and some other tricks. (Appreciate the love...;https://community.fastly.steamstatic.com/public/images/sharedfiles/5-star.png?v=2;Jordanal;https://steamcommunity.com/sharedfiles/filedetails/?id=3457969588
Rangers 7: [Operator] [Armor Pack];https://images.steamusercontent.com/ugc/27690981494707308/49FFC2D85D09823141C3E1FF0406F4ABADF544E0/?imw=200&imh=200&ima=fit&impolicy=Letterbox&imcolor=%23000000&letterbox=true;ASH 2025: Rangers 7: Operator https://raw.githubusercontent.com/WarFighterAsh/AshModBanners/4dbfc79912ec60f7e4d433caba4342e3e75ef428/ASH_BNR_2025.png Rangers 7: Beta i Always Need More Armor to Find & Hunt For. So Why not add a Ton More Mil-Spec & Related ...;https://community.fastly.steamstatic.com/public/images/sharedfiles/4-star.png?v=2;EtherealShigure;https://steamcommunity.com/sharedfiles/filedetails/?id=3452171674
'88 Toyota Hilux;https://images.steamusercontent.com/ugc/54710047166851255/B9B977772E8F427EED044E43D81280BFD97F27BC/?imw=200&imh=200&ima=fit&impolicy=Letterbox&imcolor=%23000000&letterbox=true;Someone said that you can't have too many trucks and I have to agree, especially when it is the Hilux. It comes in 2 chassis variants, single cab and extra cab, it has two-tiered bumper armor, it is smaller and lighter than most trucks and that can be a go...;https://community.fastly.steamstatic.com/public/images/sharedfiles/5-star.png?v=2;KI5;https://steamcommunity.com/sharedfiles/filedetails/?id=3435796523
'93 Chevrolet Suburban / Silverado;https://images.steamusercontent.com/ugc/54700621460223099/D304B7AEFC36F892A1AA44C4536805CF1BDD8E20/?imw=200&imh=200&ima=fit&impolicy=Letterbox&imcolor=%23000000&letterbox=true;Happy New Year everyone! I'm back with the 93 'Burban, a classic among big long machines. It comes in 5 flavors, so there is something for everyone, civilian variant has 6 seats, police one has the gun rack, fire chief has a unique look and there is also t...;https://community.fastly.steamstatic.com/public/images/sharedfiles/5-star.png?v=2;KI5;https://steamcommunity.com/sharedfiles/filedetails/?id=3152529790
'93 Ford F-Series;https://images.steamusercontent.com/ugc/2415706293267191901/A7C4D9FD86F531F3DBFC4FB83F8E5CC75C614D4E/?imw=200&imh=200&ima=fit&impolicy=Letterbox&imcolor=%23000000&letterbox=true;Heavy duty beast that can take some punches! It comes in multiple variants, dually variant that can haul more stuff and police and fire department variants. They all have some unique features but they share most of the parts and functionality. Just make su...;https://community.fastly.steamstatic.com/public/images/sharedfiles/5-star.png?v=2;KI5;https://steamcommunity.com/sharedfiles/filedetails/?id=3073430075
[B42] Useful Barrels;https://images.steamusercontent.com/ugc/14177650523148903/603709082B8ACFA860D7A9528AD3D66FE1516BE6/?imw=200&imh=200&ima=fit&impolicy=Letterbox&imcolor=%23000000&letterbox=true;Barrels can actually be more than just a sprite! B42 only! Features Use your Pipe Wrench to open the lid of the barrel! Store any fluid inside The amount of liquid inside the barrel affects the encumbrance Rubber Hose to take Gas from barrel Funnel for pou...;https://community.fastly.steamstatic.com/public/images/sharedfiles/5-star.png?v=2;GigaWatte;https://steamcommunity.com/sharedfiles/filedetails/?id=3436537035
Kitsune Lib;https://images.steamusercontent.com/ugc/24304572086813202/5622889849F948BF5054F69EA615BF1BB2770FC5/?imw=200&imh=200&ima=fit&impolicy=Letterbox&imcolor=%23000000&letterbox=true;"This is KitsuneLib. A library mod with shared code for B42. This mod adds functions. Currently implemented: * Some functions. There's also a function to add new zones without map files. Refer to the file ""media\lua\server\KitsuneLib\Zones.lua"" Workshop ID:...";https://community.fastly.steamstatic.com/public/images/sharedfiles/4-star.png?v=2;Jack Rossman;https://steamcommunity.com/sharedfiles/filedetails/?id=3390453390
Effortless Towing;https://images.steamusercontent.com/ugc/22060298948451089/F5EB7613ABB6FCDD20E8DC91439F492DC94E0ADB/?imw=200&imh=200&ima=fit&impolicy=Letterbox&imcolor=%23000000&letterbox=true;No more struggling with towing in the apocalypse! This mod enhances vehicle responsiveness while towing, making it easier to haul other vehicles. Towing capabilities for each vehicle class can be easily customized via the sandbox settings. Compatible with:...;https://community.fastly.steamstatic.com/public/images/sharedfiles/4-star.png?v=2;Mich;https://steamcommunity.com/sharedfiles/filedetails/?id=3442862183
Firearms;https://images.steamusercontent.com/ugc/1839154947063938735/592EEBF78D5C17BDA0606DC281084044E8F23CC7/?imw=200&imh=200&ima=fit&impolicy=Letterbox&imcolor=%23000000&letterbox=true;Overall firearms overhaul. Adds several new guns: Glock 17 (9x19mm) Colt Single Action Army (.44-40 WCF) MP5 (9x19mm) UZI Carbine (9x19mm) Winchester 1894 (.44 Magnum) Winchester 1873 (.44-40 WCF) FN FAL (7.62x51mm/.308 Winchester) M60 (7.62x51mm/.308 Winc...;https://community.fastly.steamstatic.com/public/images/sharedfiles/5-star.png?v=2;Hyzo;https://steamcommunity.com/sharedfiles/filedetails/?id=2256623447
[B42] Sandbox Options;https://images.steamusercontent.com/ugc/2912473846200613/CB33D5C8149B796FF2F9D655974D23A6A76EC1D6/?imw=200&imh=200&ima=fit&impolicy=Letterbox&imcolor=%23000000&letterbox=true;This Mod allows you to change Sandbox Options within the Game. This mod allows you to use the sandbox options available in Debug Mode without playing in Debug Mode.        https://cdn.discordapp.com/emojis/232169419617337345.webp?size=40 If the mod did not...;https://community.fastly.steamstatic.com/public/images/sharedfiles/5-star.png?v=2;Zky;https://steamcommunity.com/sharedfiles/filedetails/?id=3386906181
[B42] Wear Vanilla Webbing with Everything;https://images.steamusercontent.com/ugc/47949754452948709/84523C301D68020B5CAB5F1C1C854974C811D803/?imw=200&imh=200&ima=fit&impolicy=Letterbox&imcolor=%23000000&letterbox=true;Allows vanilla webbing to be worn with shoulder holster, fanny packs and other things it normally takes off. Complementary mod BackpackPlusSatchels - Allows you to wear satchels with backpacks/any combo. Q: what does this mod do?: Mod creates a new body cl...;https://community.fastly.steamstatic.com/public/images/sharedfiles/4-star.png?v=2;Helios;https://steamcommunity.com/sharedfiles/filedetails/?id=3401228213
All Shots Fired Increase Aiming XP [B42];https://images.steamusercontent.com/ugc/27682271824051255/DD7388F82E5066021012B1C1FCBB9627B7168704/?imw=200&imh=200&ima=fit&impolicy=Letterbox&imcolor=%23000000&letterbox=true;This mod allows you to gain Aiming Skill without the need for each shot to actually hit a zombie. B41 version : https://steamcommunity.com/comment/5/bounce/76561199079709559/2987852081/?feature2=18446744073709551615&tscn=1737301207 Workshop ID: 3394109542 ...;https://community.fastly.steamstatic.com/public/images/sharedfiles/5-star.png?v=2;SportXAI;https://steamcommunity.com/sharedfiles/filedetails/?id=3394109542
[B42] Smokes and Guns;https://images.steamusercontent.com/ugc/52458880202317747/8B57337038F03ED0BD6F106C2F3B4EB2F35544F8/?imw=200&imh=200&ima=fit&impolicy=Letterbox&imcolor=%23000000&letterbox=true;Kentucky, 1993, had a strong tobacco culture, with cigarettes, chewing tobacco, and rolling supplies being common in many households. Kentucky also had a strong firearm culture, with stockpiles of daily used ammo for various non-nefarious purposes. This mo...;https://community.fastly.steamstatic.com/public/images/sharedfiles/5-star.png?v=2;InverseFlux;https://steamcommunity.com/sharedfiles/filedetails/?id=3439278895
Weapon Condition Indicator;https://images.steamusercontent.com/ugc/45703480760195748/9905C7DB870499B481F2EF38EB6D26ABCB0918A1/?imw=200&imh=200&ima=fit&impolicy=Letterbox&imcolor=%23000000&letterbox=true;Weapon Condition Indicator 42빌드 모드 내구도가 떨어질 시 머리 위로 알림 표시 내구도가 떨어질 시 깜박임 탄약 수 표시 남은 배터리 보기 아이템 툴팁 표시 해당 요소를 제외한 나머지는 모드 옵션으로 수정 가능함. 구형 Mod Options을 로컬로 활성화 시킨다면 위 옵션을 수정 할 수 있음. 밴딧 모드와 충돌이 발생하지 않는 걸로 확인됨 퀵슬롯 장착 시, 아이템 내구도 표시 & 수통 잔량 표시 https://i.imgur.com...;https://community.fastly.steamstatic.com/public/images/sharedfiles/4-star.png?v=2;Hx;https://steamcommunity.com/sharedfiles/filedetails/?id=3412262177
[B42] Better Sorting;https://images.steamusercontent.com/ugc/33315411545144661/DB2BCD53DC7962464795D97D66B2E539E8B1270E/?imw=200&imh=200&ima=fit&impolicy=Letterbox&imcolor=%23000000&letterbox=true;B42 Patch for Better Sorting by ChobitsCrazy Complete overhaul to item categories and various name tweaks. Compatible with B41, B40, and Multiplayer(B40+B41)! This mod can be safely added or removed from any Saved game. Enhanced categories for all items in...;https://community.fastly.steamstatic.com/public/images/sharedfiles/5-star.png?v=2;General Shark;https://steamcommunity.com/sharedfiles/filedetails/?id=3413005308
Military Ponchos: Reloaded;https://images.steamusercontent.com/ugc/50207080387465747/2D6E2E2DECB479BE2833820DA3EC6E218562F02B/?imw=200&imh=200&ima=fit&impolicy=Letterbox&imcolor=%23000000&letterbox=true;Military Ponchos: Reloaded is a comprehensive overhaul of the popular Military Poncho’s mod by Akyet, expanding the variety, balance, and distribution of military-style ponchos able to be worn in 4 different ways! Please comment if you want me to add in an...;https://community.fastly.steamstatic.com/public/images/sharedfiles/4-star.png?v=2;Goatdog420;https://steamcommunity.com/sharedfiles/filedetails/?id=3439247001
B42 Sledgehammers in Tool Stores;https://images.steamusercontent.com/ugc/35567211350248658/1EC45FB4F28FA17B2FA96FF8C97FB8A72F627437/?imw=200&imh=200&ima=fit&impolicy=Letterbox&imcolor=%23000000&letterbox=true;Sledgehammers spawn at a customizable rate in tool stores, warehouses, fire stations and police stations. The default rate is set quite high, but you can set it back to the vanilla value of 0.01 if you'd like, or as high as 20.0 This mod was made by reques...;https://community.fastly.steamstatic.com/public/images/sharedfiles/4-star.png?v=2;★Rainmaker★;https://steamcommunity.com/sharedfiles/filedetails/?id=3418793133
True Music B42;https://images.steamusercontent.com/ugc/38941270902429574/0320B1A4C67F3FD30617029914ED9B0BF9CA7DCC/?imw=200&imh=200&ima=fit&impolicy=Letterbox&imcolor=%23000000&letterbox=true;Hello, this is the True Music Mod by iBrRus - some quick fixes for B42 have been made. You can use this Version until the Original Mod by iBrRus gets updated to B42. Im not the owner of this Mod! all credit goes to iBrRus! Original: True Music by iBrRus ht...;https://community.fastly.steamstatic.com/public/images/sharedfiles/5-star.png?v=2;scrappy coco;https://steamcommunity.com/sharedfiles/filedetails/?id=3397198968
Never-Ending TV and Radio Broadcast [B42];https://images.steamusercontent.com/ugc/46822570240027806/29AA0557D34A8A640D3E58F64ED93AE4DB9765FE/?imw=200&imh=200&ima=fit&impolicy=Letterbox&imcolor=%23000000&letterbox=true;If you find this mod no longer works due to recent vanilla updates or conflicts with newer radio/TV broadcasting mods uploaded after mine, please install my latest version, which forcibly loops all channels endlessly: https://steamcommunity.com/sharedfiles...;https://community.fastly.steamstatic.com/public/images/sharedfiles/4-star.png?v=2;jaelee1111;https://steamcommunity.com/sharedfiles/filedetails/?id=3394858726
Dynamic Emergency TV Channel;https://images.steamusercontent.com/ugc/4040836190404172/8E3C243D04F65BCBCAA1BA40CF1E9E6D857DD77D/?imw=200&imh=200&ima=fit&impolicy=Letterbox&imcolor=%23000000&letterbox=true;Dynamic Emergency TV Channel. Can be configured in Sandbox Options. Adds a new channel with custom shows as well as the ability to have the Life & Living Shows mixed in. New Shows: Forge Ahead: Blacksmithing(Metalworking), Welding, Glassmaking and Masonry....;https://community.fastly.steamstatic.com/public/images/sharedfiles/4-star.png?v=2;Xer0fire;https://steamcommunity.com/sharedfiles/filedetails/?id=3409272479
Dig Worms B42;https://images.steamusercontent.com/ugc/62591346514112011/E3C17C010CC56A652506FDA5B60671492DF03BB4/?imw=200&imh=200&ima=fit&impolicy=Letterbox&imcolor=%23000000&letterbox=true;An update of the popular Dig Worms mod for B41, now for B42! Dig Worms: a small Prozect Zomboid mod that allows you to... dig worms. Note: This mod is a port the very cool Dig Worms mod from B41. All credit goes to toomanynights for orginal work on the ori...;https://community.fastly.steamstatic.com/public/images/sharedfiles/4-star.png?v=2;Bhrette;https://steamcommunity.com/sharedfiles/filedetails/?id=3435371632
75% Wood Weight;https://images.steamusercontent.com/ugc/2912473847714094/39807CCCCF2E29FFD3E7511861000D2337E160EA/?imw=200&imh=200&ima=fit&impolicy=Letterbox&imcolor=%23000000&letterbox=true;75% Wood Weight Reduce weight of planks, logs and a few related items to 75% of their original weight. Affected items: 2 Logs Stack 3 Logs Stack 4 Logs Stack Log Notched Wooden Plank Plank Spiked Plank Tree Branch Unusable Wood Details Build 42+ Uses Lua t...;https://community.fastly.steamstatic.com/public/images/sharedfiles/5-star.png?v=2;Kechna;https://steamcommunity.com/sharedfiles/filedetails/?id=2671262464
Sink Clean Rags v2;https://images.steamusercontent.com/ugc/53584780108823102/966C30533534713CCDE94A014DFC406B3E76C0C0/?imw=200&imh=200&ima=fit&impolicy=Letterbox&imcolor=%23000000&letterbox=true;This allows you to clean all Cloth, Denim, Leather Rags from a single check at a water source. This is an updated version of the Sink Clean Rags mod, fixed for Project Zomboid unstable build 42.4. This will be removed once the original is updated. It suppo...;https://community.fastly.steamstatic.com/public/images/sharedfiles/4-star.png?v=2;EPRock;https://steamcommunity.com/sharedfiles/filedetails/?id=3439193293
Common sense mod temporary fix;https://images.steamusercontent.com/ugc/16430283477150859/5622889849F948BF5054F69EA615BF1BB2770FC5/?imw=200&imh=200&ima=fit&impolicy=Letterbox&imcolor=%23000000&letterbox=true;Fixed the common sense mod error (drink water) and some other errors in version 42. It will not affect future updates, there are no conflicts, and you can use it with confidence. If you have any other questions, please feel free to let me know Workshop ID:...;https://community.fastly.steamstatic.com/public/images/sharedfiles/4-star.png?v=2;喵了个球;https://steamcommunity.com/sharedfiles/filedetails/?id=3439880081
Aim Outline;https://images.steamusercontent.com/ugc/44572507894745382/B1F96F9F18BBF3BA3DA69EC398DA29A77B03C1E6/?imw=200&imh=200&ima=fit&impolicy=Letterbox&imcolor=%23000000&letterbox=true;Restores the classic aim outline from Build 41 to Build 42! -Works for both melee and ranged. -Requires melee outline to be enabled in the settings. A part of my Vanilla Essentials collection. Forked from: https://steamcommunity.com/sharedfiles/filedetails...;https://community.fastly.steamstatic.com/public/images/sharedfiles/4-star.png?v=2;Kreb;https://steamcommunity.com/sharedfiles/filedetails/?id=3404684285
More Gloves B42;https://images.steamusercontent.com/ugc/46828112635081012/E34D51ACBE253BAF980407FFA7CF8E29A32B2B24/?imw=200&imh=200&ima=fit&impolicy=Letterbox&imcolor=%23000000&letterbox=true;unnoficial B42 update for the More Gloves mod. I'll delete this once the official mod is updated or if the original author asks me to. original mod: https://steamcommunity.com/sharedfiles/filedetails/?id=2945060824 Workshop ID: 3433093340 Mod ID: More Glov...;https://community.fastly.steamstatic.com/public/images/sharedfiles/4-star.png?v=2;Kaoeutsu;https://steamcommunity.com/sharedfiles/filedetails/?id=3433093340
Plug Your Radio In;https://images.steamusercontent.com/ugc/40072713188456400/AEE51BE27F2E825C3580D743074F6F3B4B6BBF3A/?imw=200&imh=200&ima=fit&impolicy=Letterbox&imcolor=%23000000&letterbox=true;Plug your Radio in! Whenever you open up the radio interface if power is available you'll plug in the radio and run it off mains power. If power is not available battery power will be used. There is no need to convert the radio to a different type of item ...;https://community.fastly.steamstatic.com/public/images/sharedfiles/4-star.png?v=2;Nepenthe;https://steamcommunity.com/sharedfiles/filedetails/?id=3431342136
Buttstroke / Gun Stock Attack [B42];https://images.steamusercontent.com/ugc/27682271823792785/F19762516761AC3C96C09B4F101571E31738D308/?imw=200&imh=200&ima=fit&impolicy=Letterbox&imcolor=%23000000&letterbox=true;How to use it? Hold right mouse button and press space key As the title says, you can fight back against zombies with the butt of your gun. Replaced the gun counterattack animation in the original game and added counterattack sound effects and zombie strik...;https://community.fastly.steamstatic.com/public/images/sharedfiles/5-star.png?v=2;SportXAI;https://steamcommunity.com/sharedfiles/filedetails/?id=3394044313
Mod Update and Alert System;https://images.steamusercontent.com/ugc/24307035126317491/0578D28193C22EBCECD677A4253ACE6426BD842D/?imw=200&imh=200&ima=fit&impolicy=Letterbox&imcolor=%23000000&letterbox=true;This mod is optional on B41, and required on B42. Utility mod used for news and updates to mods I authored. Or any other mod utilizing my ChangeLog.txt format. More information below. Information can be found in a small (collapsible) window found in the ma...;https://community.fastly.steamstatic.com/public/images/sharedfiles/5-star.png?v=2;Chuckleberry Finn;https://steamcommunity.com/sharedfiles/filedetails/?id=3077900375
errorMagnifier;https://images.steamusercontent.com/ugc/2006946285955965520/F1B969816DF9BDB7EF43BDD2345BA1045BEA895F/?imw=200&imh=200&ima=fit&impolicy=Letterbox&imcolor=%23000000&letterbox=true;Creates a button when an error occurs. Makes error reporting clear and easy for less tech-savvy. https://raw.githubusercontent.com/ChuckTheSheep/chuckImages/main/kofi_big.png https://raw.githubusercontent.com/ChuckTheSheep/chuckImages/main/newRequired.png ...;https://community.fastly.steamstatic.com/public/images/sharedfiles/5-star.png?v=2;Chuckleberry Finn;https://steamcommunity.com/sharedfiles/filedetails/?id=2896041179
[B42] Take Any Amount;https://images.steamusercontent.com/ugc/25430471989656577/4B5AB5D8BDEBA24259A12F28D2F1C6ED0C1D8957/?imw=200&imh=200&ima=fit&impolicy=Letterbox&imcolor=%23000000&letterbox=true;Ported to B42, working as it is. Special Thanks: Translated to all languages thanks to Chuckleberry Finn for the auto translator. Credits To: Original mod: Take Any Amount by Cpt. Metal Workshop ID: 3389115640 Mod ID: TakeAnyAmount...;https://community.fastly.steamstatic.com/public/images/sharedfiles/5-star.png?v=2;Bananaut;https://steamcommunity.com/sharedfiles/filedetails/?id=3389115640
What can I craft Addon;https://images.steamusercontent.com/ugc/45696670324795941/A714F8B910FD515899A38C43487F556EFB21DDC9/?imw=200&imh=200&ima=fit&impolicy=Letterbox&imcolor=%23000000&letterbox=true;How to Use: 1. Right-click an item in your inventory. 2. Select Check Crafting Materials from the context menu. Mod Options https://i.imgur.com/IM2Dfn7.png https://i.imgur.com/2zG1L74.png Add Icon (require: What Can I Craft?) https://i.imgur.com/1Ji1l55.pn...;https://community.fastly.steamstatic.com/public/images/sharedfiles/5-star.png?v=2;Hx;https://steamcommunity.com/sharedfiles/filedetails/?id=3392356751
What can I craft?;https://images.steamusercontent.com/ugc/22052772271846612/D1B274EA490DFEB708871279997F6815AA5DB5F7/?imw=200&imh=200&ima=fit&impolicy=Letterbox&imcolor=%23000000&letterbox=true;"What Can I Craft? Tired of wasting time searching for crafting recipes in Project Zomboid? What Can I Craft? is here to revolutionize your crafting experience! Features: - Instant Recipe Access: Simply right-click on any item in your inventory and select ""...";https://community.fastly.steamstatic.com/public/images/sharedfiles/5-star.png?v=2;FoxVicious;https://steamcommunity.com/sharedfiles/filedetails/?id=3390169945
Ground Crafting;https://images.steamusercontent.com/ugc/16423272748672367/CADDB7D885C69CD33152C849AE52DF372727E28F/?imw=200&imh=200&ima=fit&impolicy=Letterbox&imcolor=%23000000&letterbox=true;***BUILD 42*** This mod allows logs, stacked logs, and planks you craft or cut on the ground to remain there instead of automatically going into your inventory and over-encumbering you. Update: When removing baricaded planks/metal from windows/doors the ma...;https://community.fastly.steamstatic.com/public/images/sharedfiles/4-star.png?v=2;WhisperedLullaby;https://steamcommunity.com/sharedfiles/filedetails/?id=3390619832
AutoMechanics;https://images.steamusercontent.com/ugc/47948470119942352/B868758E696E491265DD2F56308BAAAF52BA6665/?imw=200&imh=200&ima=fit&impolicy=Letterbox&imcolor=%23000000&letterbox=true;So you are here ? Ah.. you wanna play with cars but you lack experience. You've come to the right place. How to ? Get a Screwdriver, a Wrench, a Lug Wrench and a Jack. Ensure you've read the book associated with your car. Find a car you can spare, and just...;https://community.fastly.steamstatic.com/public/images/sharedfiles/5-star.png?v=2;Tchernobill;https://steamcommunity.com/sharedfiles/filedetails/?id=3387539308
Auto Tailoring;https://images.steamusercontent.com/ugc/47948470122202711/9CE93CB8684F4BF6BE4BBB04A9CCC65167A5D768/?imw=200&imh=200&ima=fit&impolicy=Letterbox&imcolor=%23000000&letterbox=true;Automatic Tailoring Training. Easy hole reparation and patch. Hole detection and missing patch detection. So you are here ? Ah.. you probably wanna protect yourself but tailoring would destroy your fingers and brain. You've come to the right place. Automat...;https://community.fastly.steamstatic.com/public/images/sharedfiles/5-star.png?v=2;Tchernobill;https://steamcommunity.com/sharedfiles/filedetails/?id=3388183573
Auto Cook;https://images.steamusercontent.com/ugc/47948470124201027/01B7E73EFE47308A64AC71CAF3044DE7ADD4A3FA/?imw=200&imh=200&ima=fit&impolicy=Letterbox&imcolor=%23000000&letterbox=true;So you are here ? Ah.. you're bored of spending your life preparing your next meal. You've come to the right place. How to initiate the food preparation ? You need an empty Bowl, Frying Pan or Griddle Pan. You need accessible food. See your Character Info ...;https://community.fastly.steamstatic.com/public/images/sharedfiles/5-star.png?v=2;Tchernobill;https://steamcommunity.com/sharedfiles/filedetails/?id=3388721641
that DAMN Library;https://images.steamusercontent.com/ugc/2440458973134780877/3CB9696BBB8A945AD8A2470A158E6B478085ED5E/?imw=200&imh=200&ima=fit&impolicy=Letterbox&imcolor=%23000000&letterbox=true;What is this? This is a framework that fuels all KI5 mods, one centralized place to fine tune and expand all mods and make them ready for game changes and new features. You can find more about it here: that DAMN Library - Crafting, Fixing and Recycling exp...;https://community.fastly.steamstatic.com/public/images/sharedfiles/5-star.png?v=2;KI5;https://steamcommunity.com/sharedfiles/filedetails/?id=3171167894
[B42] Noir's Rifle Slings;https://images.steamusercontent.com/ugc/45696670308265267/B4DA7F97547835348F60BA34834E6C7763AB941D/?imw=200&imh=200&ima=fit&impolicy=Letterbox&imcolor=%23000000&letterbox=true;https://steamuserimages-a.akamaihd.net/ugc/1827905684314356361/B4DA7F97547835348F60BA34834E6C7763AB941D/?imw=5000&imh=5000&ima=fit&impolicy=Letterbox&imcolor=%23000000&letterbox=false Original mod Noir's sling mod has been updated to version B42. A version...;https://community.fastly.steamstatic.com/public/images/sharedfiles/5-star.png?v=2;Hx;https://steamcommunity.com/sharedfiles/filedetails/?id=3388107363
Smoke Like It's 93;https://images.steamusercontent.com/ugc/19800972472947063/EACA519C7255B8101269E6C7EC846EFA609FA474/?imw=200&imh=200&ima=fit&impolicy=Letterbox&imcolor=%23000000&letterbox=true;This mod add tobacco item as loot on zombie inventory, wallets and purses. The mod aim at keeping the amount balanced at apocalypse difficulty so that your still struggling early game, but you're not basically always running out like vanilla. The idea is t...;https://community.fastly.steamstatic.com/public/images/sharedfiles/4-star.png?v=2;=jF=;https://steamcommunity.com/sharedfiles/filedetails/?id=3393726240
Betterbags;https://images.steamusercontent.com/ugc/23178672174025781/E74136AEEC4AF791A8F1D7D701DF2777422F9A2A/?imw=200&imh=200&ima=fit&impolicy=Letterbox&imcolor=%23000000&letterbox=true;Adjusted the stats of the vanilla backpack，The Satchel can be worn on the back FannyPack 1>5 Satchel 15>20 Schoolbag 15>25 GolfBag 18>30 DuffelBag 18>35 NormalHikingBag 20>38 BigHikingBag 22>42 SurvivorBag 27>45 ALICEpack_Army 28>48 HydrationBackpack 12>22...;https://community.fastly.steamstatic.com/public/images/sharedfiles/4-star.png?v=2;达摩克里斯;https://steamcommunity.com/sharedfiles/filedetails/?id=3386729204
[B42] OSRS Exp Drops;https://images.steamusercontent.com/ugc/43444870505997146/B0D4C91751EDD87995BAEC2E4315488032B684F8/?imw=200&imh=200&ima=fit&impolicy=Letterbox&imcolor=%23000000&letterbox=true;UPDATED FOR BUILD 42 FROM ORIGINAL Adds an Oldschool Runescape styled experience bar, including experience drops whenever you earn experience to give you those sweet, supple dopamine hits as you grind your carpentry skill up. ------------------------------...;https://community.fastly.steamstatic.com/public/images/sharedfiles/5-star.png?v=2;Courvix;https://steamcommunity.com/sharedfiles/filedetails/?id=3391145494
[B42] BackpackPlusSatchels;https://images.steamusercontent.com/ugc/25430472012675970/D4D7452A595EFE6A743B19F740281DF33B8BE733/?imw=200&imh=200&ima=fit&impolicy=Letterbox&imcolor=%23000000&letterbox=true;Wear Any Satchel with Any Gear – Convenience & Style Combined! Carry a satchel alongside any backpack or wearable, giving you more flexibility without sacrificing style. No more tough choices, wear both with ease! Changes Satchels now have a custom body lo...;https://community.fastly.steamstatic.com/public/images/sharedfiles/5-star.png?v=2;Bananaut;https://steamcommunity.com/sharedfiles/filedetails/?id=3395159487
[B42]SimpleStatus;https://images.steamusercontent.com/ugc/33311606858567892/45776D02C65EF576E52B8F2A072FDB7292F128FA/?imw=200&imh=200&ima=fit&impolicy=Letterbox&imcolor=%23000000&letterbox=true;B42新版本状态栏，测试可用。 Workshop ID: 3387091092 Mod ID: SimpleStatus...;https://community.fastly.steamstatic.com/public/images/sharedfiles/5-star.png?v=2;飞奔;https://steamcommunity.com/sharedfiles/filedetails/?id=3387091092
[B42/B41] PZK VLC (Vanilla look-like car pack);https://images.steamusercontent.com/ugc/24312829051395328/78CAF79F52CB026BB7CC38AA013F20D54A8CF64D/?imw=200&imh=200&ima=fit&impolicy=Letterbox&imcolor=%23000000&letterbox=true;Vanilla look-like car pack - Ultimate automotive solution DLC Vanilla look-like models of various cars. Some of them are common, some of them very rare. More than 440 car variations in pack. Optimized, FPS friendly. Integrations: : Standardized Vehicle Upg...;https://community.fastly.steamstatic.com/public/images/sharedfiles/5-star.png?v=2;PeterHammerman;https://steamcommunity.com/sharedfiles/filedetails/?id=3217685049
Vanilla Clothing Expansion;https://images.steamusercontent.com/ugc/46826844389996534/0C28C6AF1310C855787EE2D790ABAF389CE72880/?imw=200&imh=200&ima=fit&impolicy=Letterbox&imcolor=%23000000&letterbox=true;Adds 200+ (and counting!) variants of existing clothing items. I'd HIGHLY recommend putting this mod and Spongie's Open Jackets towards the BOTTOM of your mod load order to prevent conflicts. Workshop ID: 3421271152 Mod ID: 1VCESTANDARD Mod ID: 1VCESTANDAR...;https://community.fastly.steamstatic.com/public/images/sharedfiles/5-star.png?v=2;Reconspiracy;https://steamcommunity.com/sharedfiles/filedetails/?id=3421271152
Visible Walkies;https://images.steamusercontent.com/ugc/61462275567830808/C7FBA57AA21FFAD96029BE8CD9EBAA7F905F2918/?imw=200&imh=200&ima=fit&impolicy=Letterbox&imcolor=%23000000&letterbox=true;Super simple mod. Walkies are now 3d in hands and in the world. I made this for my personal use long ago, but decided to share. Workshop ID: 3053141858 Mod ID: VisibleWalkies...;https://community.fastly.steamstatic.com/public/images/sharedfiles/5-star.png?v=2;Birget;https://steamcommunity.com/sharedfiles/filedetails/?id=3053141858
[B42] Hand Bag Window Climb;https://images.steamusercontent.com/ugc/40067170779659652/05A162B17F99D2B13CC83733F5A309C5A8DF558C/?imw=200&imh=200&ima=fit&impolicy=Letterbox&imcolor=%23000000&letterbox=true;Keep the bags you hold in your hands when climbing through windows instead of dropping them on the ground. Please upvote the mod if you like it and check out my other mods! - Throw your bag across - Adds an option to throw your bag across windows for effic...;https://community.fastly.steamstatic.com/public/images/sharedfiles/5-star.png?v=2;WhiffMaster | Beatbox;https://steamcommunity.com/sharedfiles/filedetails/?id=3389093252
[B42] Carry visible generators;https://images.steamusercontent.com/ugc/59207469198934503/EC1195CCAD2E7777CE426C381E24909EA4821591/?imw=200&imh=200&ima=fit&impolicy=Letterbox&imcolor=%23000000&letterbox=true;Now we can carry corpses in vanilla, but generators are still invisible when picked up. This mod returns the old mod, and adds variety to carried generator models. Supports all B42 generators: https://i.imgur.com/tV2SC1E.png https://i.imgur.com/vICILK2.png...;https://community.fastly.steamstatic.com/public/images/sharedfiles/5-star.png?v=2;Deon ☣;https://steamcommunity.com/sharedfiles/filedetails/?id=3390487814
Simple Lockpicking [B41/B42];https://images.steamusercontent.com/ugc/2453989425925494822/405B92C63FF762D2243B7C405ED4C75700C67B42/?imw=200&imh=200&ima=fit&impolicy=Letterbox&imcolor=%23000000&letterbox=true;"Simple Lockpicking Adds the ability to pick locked doors with a paperclip and a screwdriver. Right click a door and select ""Pick Lock"" to do so. Also works on vehicles, pick a door in the vehicle radial menu. Sandbox Options Can Fail Lockpick (yes/no) (def...";https://community.fastly.steamstatic.com/public/images/sharedfiles/5-star.png?v=2;MeeperTheGreat99;https://steamcommunity.com/sharedfiles/filedetails/?id=2991923398
[41&42]50% metal weight;https://images.steamusercontent.com/ugc/2040738499773697289/7041A8CF4516EC0F9C6EFCB54764F63E347973EE/?imw=200&imh=200&ima=fit&impolicy=Letterbox&imcolor=%23000000&letterbox=true;Affected items： SheetMetal MetalBar MetalDrum MetalPipe ScrapMetal SmallSheetMetal UnusableMetal WeldingRods IronIngot LeadPipe BarbedWire Wire Workshop ID: 2829657632 Mod ID: 50%metalweight...;https://community.fastly.steamstatic.com/public/images/sharedfiles/5-star.png?v=2;xiaosurou;https://steamcommunity.com/sharedfiles/filedetails/?id=2829657632
[B41+B42]Simple sling mod;https://images.steamusercontent.com/ugc/1934887423647188998/8BFC5B4B707CAD230623E9923A7615D2E3BB65D4/?imw=200&imh=200&ima=fit&impolicy=Letterbox&imcolor=%23000000&letterbox=true;https://i.imgur.com/p7Fv1Z6.gif -Description- Added a simple tactical vest, four simple gun webbing, four simple webbing, two simple knife sheaths, a simple chest rigging and a simple back rigging, and a katana sheath. Introduce The following items were ad...;https://community.fastly.steamstatic.com/public/images/sharedfiles/5-star.png?v=2;YGfish;https://steamcommunity.com/sharedfiles/filedetails/?id=2868394326
Better Satchel;https://images.steamusercontent.com/ugc/14171969781672261/E168E5EEEDD42728FAA41BA105B050C37E64E819/?imw=200&imh=200&ima=fit&impolicy=Letterbox&imcolor=%23000000&letterbox=true;Replaces and adds new models and textures for the Satchel to use in the same way as a Fanny pack. In other words, this mod provides you with the ability to wear Satchels with backpacks, you can wear them on the front or&and back of your character. Moreover...;https://community.fastly.steamstatic.com/public/images/sharedfiles/5-star.png?v=2;DragonOfWar;https://steamcommunity.com/sharedfiles/filedetails/?id=2965943353
Energy Drinks [B42];https://images.steamusercontent.com/ugc/1874057473829683658/6D328A047CDF94B478F2C69B37BDA02E003E0285/?imw=200&imh=200&ima=fit&impolicy=Letterbox&imcolor=%23000000&letterbox=true;The mod adds energy drinks to the game, allowing you to fight zeds for longer by reducing drowsiness and fatigue. Now there are Black Monster, White Monster, RedBull, Bottled Energy Drink and Jaguar Workshop ID: 2674541310 Mod ID: IMWSEnergyDrinks42...;https://community.fastly.steamstatic.com/public/images/sharedfiles/5-star.png?v=2;Yagoda;https://steamcommunity.com/sharedfiles/filedetails/?id=2674541310
Gyde's Trait Magazines;https://images.steamusercontent.com/ugc/2452864160937417545/37F2F77EA3332FE02823606EBB20AB8880E52BE2/?imw=200&imh=200&ima=fit&impolicy=Letterbox&imcolor=%23000000&letterbox=true;Thank you for 100k+! Project crunch is over. This mod has been updated finally. About Find and learn traits through trait magazines! All with unique and vanilla-friendly name and designs. This mod is very customizable with sandbox settings, start a game in...;https://community.fastly.steamstatic.com/public/images/sharedfiles/5-star.png?v=2;Gyde;https://steamcommunity.com/sharedfiles/filedetails/?id=3342191739
[B42] Generator Time Remaining;https://images.steamusercontent.com/ugc/25430472000170310/C933E6ADBE0F835A7D36F4544542A0865539D24D/?imw=200&imh=200&ima=fit&impolicy=Letterbox&imcolor=%23000000&letterbox=true;Shows the time remaining before your generator runs out of fuel (days and hours). Note: Updated for B42 since the original dev is inactive. This only works for B42+. If you want to use it in B41, then please go here. Compatible with the following mods: Car...;https://community.fastly.steamstatic.com/public/images/sharedfiles/5-star.png?v=2;Bananaut;https://steamcommunity.com/sharedfiles/filedetails/?id=3388653229
Vanilla Gear Expanded;https://images.steamusercontent.com/ugc/52453354080057134/2E842B2A28BD2EC80F36AC40F99A3CAE24947642/?imw=200&imh=200&ima=fit&impolicy=Letterbox&imcolor=%23000000&letterbox=true;Vanilla Gear Expanded New outfits and gear to expand the various law enforcement agencies & special police forces that would likely be in the area. Some vanilla textures have also been altered to improve quality and fix poor font choices. Items can be foun...;https://community.fastly.steamstatic.com/public/images/sharedfiles/5-star.png?v=2;Tango;https://steamcommunity.com/sharedfiles/filedetails/?id=3401134276
Condition On Dash;https://images.steamusercontent.com/ugc/10793773199704568/C4B50C94EC923E512201981F770B30179781C0C9/?imw=200&imh=200&ima=fit&impolicy=Letterbox&imcolor=%23000000&letterbox=true;Condition On Dash is a very simple QOL mod that will display the condition of the vehicles engine, battery, and headlights on the dashboard. If you're a reckless driver like me, you'll no longer need to guess the condition of your engine while driving. Rea...;https://community.fastly.steamstatic.com/public/images/sharedfiles/5-star.png?v=2;Broadbent;https://steamcommunity.com/sharedfiles/filedetails/?id=3306168142
[B41/B42] Faster Hood Opening;https://images.steamusercontent.com/ugc/32187155757263029/130812CCDBEE85D8B8A06FBFC3C394143177CC97/?imw=200&imh=200&ima=fit&impolicy=Letterbox&imcolor=%23000000&letterbox=true;Faster Hood Opening Makes the Hood Opening be almost instant instead of taking some a few seconds. Build 42 Compatible! Build 41 Compatibility Remains! https://raw.githubusercontent.com/Chuckleberry-Finn/chuckImages/main/PZmodCommBanner1.png https://cdn.pr...;https://community.fastly.steamstatic.com/public/images/sharedfiles/5-star.png?v=2;TehaGP;https://steamcommunity.com/sharedfiles/filedetails/?id=2584112711
Visible Generator Range;https://images.steamusercontent.com/ugc/2068884729049681310/F4CAAEB074E09B40E2EC65636D998B995AE07D18/?imw=200&imh=200&ima=fit&impolicy=Letterbox&imcolor=%23000000&letterbox=true;Visible Generator Range aims to get rid of a bit of headache in your day-to-day power needs. Features: Ability to view the effective range of a generator simply by viewing it's corresponding Info menu. Also indicates current power status with color of the ...;https://community.fastly.steamstatic.com/public/images/sharedfiles/5-star.png?v=2;pwrcosmic;https://steamcommunity.com/sharedfiles/filedetails/?id=2972289937
Nepenthe's Colored Engine Status (Now a vanilla feature in B42);https://images.steamusercontent.com/ugc/2076766753832403245/46F654C84FAF7B78B102F714CB368D35E52B0CA8/?imw=200&imh=200&ima=fit&impolicy=Letterbox&imcolor=%23000000&letterbox=true;Changes the engine indicator on car dashboards to indicate the current engine condition. Updated to support B41 and B42. Note: this mod is no longer required in B42, as the functionality is in the Vanilla game. Workshop ID: 2975204120 Mod ID: NepEngineColo...;https://community.fastly.steamstatic.com/public/images/sharedfiles/5-star.png?v=2;Nepenthe;https://steamcommunity.com/sharedfiles/filedetails/?id=2975204120
Nepenthe's Colored Battery Status (Now a vanilla feature in B42);https://images.steamusercontent.com/ugc/2076766028403789436/54901B0E09DE5929D90E364800676BC1088D47BE/?imw=200&imh=200&ima=fit&impolicy=Letterbox&imcolor=%23000000&letterbox=true;Changes the battery indicator on car dashboards to indicate how much charge is left. Green = 75%+, Yellow = 50%+, Orange = 25%+, Red = 1%+, Dark Red = dead. Updated to support B41 and B42. Note: this mod is no longer required in B42, as the functionality i...;https://community.fastly.steamstatic.com/public/images/sharedfiles/5-star.png?v=2;Nepenthe;https://steamcommunity.com/sharedfiles/filedetails/?id=2973053380
Spongie's Clothing;https://images.steamusercontent.com/ugc/2090290145445801021/67D9127E768D9AF7969ED0698E4FA414425E7F98/?imw=200&imh=200&ima=fit&impolicy=Letterbox&imcolor=%23000000&letterbox=true;Supports B41 and B42. Works in multiplayer Adds 28 new clothing items Most jackets added can be opened or rolled which will lower their insulation and weather protection. Also unhides sweaters under jackets. The full item list can be found pinned in the di...;https://community.fastly.steamstatic.com/public/images/sharedfiles/5-star.png?v=2;spongie;https://steamcommunity.com/sharedfiles/filedetails/?id=2684285534
Spongie's Open Jackets;https://images.steamusercontent.com/ugc/1761489959650676342/FB4720B59026494309366CA0915344ED8F1C9241/?imw=200&imh=200&ima=fit&impolicy=Letterbox&imcolor=%23000000&letterbox=true;Supports B41 and B42. Should work in multiplayer Open jackets, roll shirts, tie sweaters, tuck pants Adds new ways that clothing items can be worn such as: opening and rolling jackets/shirts, tying sweaters & hoodies, and tucking in pants. Supports almost ...;https://community.fastly.steamstatic.com/public/images/sharedfiles/5-star.png?v=2;spongie;https://steamcommunity.com/sharedfiles/filedetails/?id=2812326159
Tidy Up Meister;https://images.steamusercontent.com/ugc/17549172646928554/2719999347524BEEB6AE3539654DB0AA496F8B33/?imw=200&imh=200&ima=fit&impolicy=Letterbox&imcolor=%23000000&letterbox=true;Overview : Automatically returns to the original equipment when the operation is completed. Confirmed to work with Build 41/42 and also work on MP. Features : When an action that switches equipment when performed, such as dismantle, is completed, the equip...;https://community.fastly.steamstatic.com/public/images/sharedfiles/5-star.png?v=2;PePePePePeil;https://steamcommunity.com/sharedfiles/filedetails/?id=2769706949
[B41 / B42] Load All Magazines;https://images.steamusercontent.com/ugc/2035098222691143786/1A361225932A063E90D7F76500CBF7DF39A5B711/?imw=200&imh=200&ima=fit&impolicy=Letterbox&imcolor=%23000000&letterbox=true;PRESS ESCAPE TO CANCEL IN ANY SITUATION Adds an option to the right click context menu to load/unload all magazines of the selected type. Does not effect radial menu reloading. Modifies ISInventoryPaneContextMenu.doMagazineMenu, so will be incompatible wit...;https://community.fastly.steamstatic.com/public/images/sharedfiles/5-star.png?v=2;Foteq;https://steamcommunity.com/sharedfiles/filedetails/?id=2920899878
Combat Text (B40+B41+B42);https://images.steamusercontent.com/ugc/1646591393623073497/9283B77F607010AA9CC0D9C3CB747E6EB0DD0E71/?imw=200&imh=200&ima=fit&impolicy=Letterbox&imcolor=%23000000&letterbox=true;Show health bar above zombie heads and damage dealt Health bar features: shown when player hit zombie for first time and health bar is not visible (100% = current zombie health) health loss is animated (orange part of bar) bar will hide itself after 10 in-...;https://community.fastly.steamstatic.com/public/images/sharedfiles/5-star.png?v=2;Rezistor;https://steamcommunity.com/sharedfiles/filedetails/?id=2286124931
Proximity Inventory [B41/42];https://images.steamusercontent.com/ugc/1731090662166032115/3230EC9CA60AD855DBBBAF75DCCA1DE11E9109C6/?imw=200&imh=200&ima=fit&impolicy=Letterbox&imcolor=%23000000&letterbox=true;Now Updated to work with B42! Check out the new keybinds in the options! Proximity Inventory Are you tired of having to manually loot a pile of 300 zombies to find some damn cigarettes? Are you tired of getting lost in the 30th box of this damn warehouse t...;https://community.fastly.steamstatic.com/public/images/sharedfiles/5-star.png?v=2;Mxswat;https://steamcommunity.com/sharedfiles/filedetails/?id=2847184718
Map Symbol Size Slider;https://images.steamusercontent.com/ugc/1833529903252537067/E82226841ADC68FA8D4723373C3AA1E2DAF02267/?imw=200&imh=200&ima=fit&impolicy=Letterbox&imcolor=%23000000&letterbox=true;This mod adds a symbol size slider to map symbols menu. With it you can change the size of symbols and notes on the map. Features Resize symbols and notes on global map and map items FAQ Can I make the symbols even bigger? The main purpose of the mod is to...;https://community.fastly.steamstatic.com/public/images/sharedfiles/5-star.png?v=2;capsgry;https://steamcommunity.com/sharedfiles/filedetails/?id=2734705913
Has Been Read;https://images.steamusercontent.com/ugc/17549172646925789/53181618A273C24338C373CE6B4C1DF6F5408C8E/?imw=200&imh=200&ima=fit&impolicy=Letterbox&imcolor=%23000000&letterbox=true;"In v2.14, support for Titled Literature (e.g. Books and Magazines) has been added. However, please note that these items, will be marked as ""Already Read"" they are read after enabling the mod or updating it. The icon display for these items can be turned o...";https://community.fastly.steamstatic.com/public/images/sharedfiles/5-star.png?v=2;PePePePePeil;https://steamcommunity.com/sharedfiles/filedetails/?id=2544353492
Reorder The Hotbar [B42/41];https://images.steamusercontent.com/ugc/1990059407306139348/99CA522A0E985B66FD7F448B799E83CE57C98A35/?imw=200&imh=200&ima=fit&impolicy=Letterbox&imcolor=%23000000&letterbox=true;Reorder The Hotbar is a mod that allows you to customize the order of the items in your hotbar. Simply drag and drop the hotbar slots to rearrange them to your liking. This mod also adds the ability to click on the hotbar slots as an alternative to pressin...;https://community.fastly.steamstatic.com/public/images/sharedfiles/5-star.png?v=2;Notloc;https://steamcommunity.com/sharedfiles/filedetails/?id=2903771337
Reorder Containers - Backpack Orders [B42/41];https://images.steamusercontent.com/ugc/1990059144434028017/C3AB74573F38404F15BBC22983CF98D12795B30E/?imw=200&imh=200&ima=fit&impolicy=Letterbox&imcolor=%23000000&letterbox=true;Reorder Containers is an inventory mod that allows you to customize the order in which containers and backpacks appear in the inventory. Simply drag and drop the container icons to rearrange them to your liking. They'll even remember their preferred order ...;https://community.fastly.steamstatic.com/public/images/sharedfiles/5-star.png?v=2;Notloc;https://steamcommunity.com/sharedfiles/filedetails/?id=2901962885
More Description for Traits [b42 & b41];https://images.steamusercontent.com/ugc/28808171714934556/C37A592DC0C07F047DC271FA9E30ABBCF8DAE139/?imw=200&imh=200&ima=fit&impolicy=Letterbox&imcolor=%23000000&letterbox=true;B42 Unstable Update (Former version is still there for b41 compatibility) - Added Mod options - Added Free Recipes What's new in b42 ? Some stuff. A lot of changes to the cost of traits. Like High Thirst now gives only one point Corpse Sickness : Weak Stom...;https://community.fastly.steamstatic.com/public/images/sharedfiles/5-star.png?v=2;Champy;https://steamcommunity.com/sharedfiles/filedetails/?id=2685168362
Equipment UI - Paper Doll Equipment Interface [B42/41];https://images.steamusercontent.com/ugc/15297208347053313/448635806D66AA8737F9EAB7AB0340E610187FCD/?imw=200&imh=200&ima=fit&impolicy=Letterbox&imcolor=%23000000&letterbox=true;https://i.imgur.com/w5yeFNP.png Equipment UI Equipment UI is an addition to Project Zomboids interface that adds a paper doll (STALKER / tArKov inspired) equipment panel for managing and viewing your character's equipment. Use mod options to hide equipped ...;https://community.fastly.steamstatic.com/public/images/sharedfiles/5-star.png?v=2;Notloc;https://steamcommunity.com/sharedfiles/filedetails/?id=2950902979
Common Sense;https://images.steamusercontent.com/ugc/13045408534925380/5C3886613C86D623A18B15539AEAA5324AE231AD/?imw=200&imh=200&ima=fit&impolicy=Letterbox&imcolor=%23000000&letterbox=true;https://i.ibb.co/RgvffPG/Banner-Mod-Title.png It's something so simple, but PZ lacks it sometimes. This mod solves this issue by adding many Quality of Life improvements to the game. I plan to continuously update this mod, adding more and more common sense...;https://community.fastly.steamstatic.com/public/images/sharedfiles/5-star.png?v=2;Braven;https://steamcommunity.com/sharedfiles/filedetails/?id=2875848298
